<?xml version="1.0" encoding="UTF-8"?>
<project-private xmlns="http://www.netbeans.org/ns/project-private/1">
    <editor-bookmarks xmlns="http://www.netbeans.org/ns/editor-bookmarks/2" lastBookmarkId="0"/>
    <open-files xmlns="http://www.netbeans.org/ns/projectui-open-files/2">
        <group>
            <file>file:/C:/Users/ianic/Documents/NetBeansProjects/EngenhariaDeSoft_project/src/my/frame/TelaUsuario.java</file>
            <file>file:/C:/Users/ianic/Documents/NetBeansProjects/EngenhariaDeSoft_project/src/my/frame/Frame1.java</file>
            <file>file:/C:/Users/ianic/Documents/NetBeansProjects/EngenhariaDeSoft_project/src/my/frame/JifPaciente.java</file>
            <file>file:/C:/Users/ianic/Documents/NetBeansProjects/EngenhariaDeSoft_project/src/my/frame/TelaExames.java</file>
            <file>file:/C:/Users/ianic/Documents/NetBeansProjects/EngenhariaDeSoft_project/src/my/frame/JifAgenda.java</file>
            <file>file:/C:/Users/ianic/Documents/NetBeansProjects/EngenhariaDeSoft_project/src/my/frame/TelaCadastro.java</file>
            <file>file:/C:/Users/ianic/Documents/NetBeansProjects/EngenhariaDeSoft_project/src/my/frame/JifLogin.java</file>
        </group>
    </open-files>
</project-private>
